"Gene","R","P","FDR"
"ENSG00000002933.9",0.391692151076504,1.39303336273143e-07,4.58876353039091e-05
"ENSG00000005243.10",0.313838592727173,3.25155441068983e-05,0.00148027305904577
"ENSG00000005884.18",0.301589969663533,6.7549498698745e-05,0.00245410635118439
"ENSG00000006534.17",0.305775555328579,5.28069125540312e-05,0.00207655417896293
"ENSG00000007062.12",0.3426214584228,5.12015733784691e-06,0.000434853041783973
"ENSG00000007908.16",0.387606126811396,1.92464355756366e-07,5.75196709326938e-05
"ENSG00000008226.20",0.321960694442288,1.96662550449556e-05,0.00104734146102098
"ENSG00000009790.15",0.339956939835721,6.12402932751752e-06,0.000492366891931923
"ENSG00000010327.10",0.395299351425709,1.04336800234855e-07,3.89774667112651e-05
"ENSG00000010610.10",0.376900352858119,4.39817872498064e-07,9.59058229977907e-05
"ENSG00000011243.19",0.303484431863808,6.04539057970967e-05,0.00228528358476733
"ENSG00000011600.12",0.30170246200301,6.710724757414e-05,0.00245250202012957
"ENSG00000012171.20",0.321737971944503,1.99431643318786e-05,0.00105294770665526
"ENSG00000013297.12",0.356038308879037,2.02654757571081e-06,0.000245144705075151
"ENSG00000013364.19",0.459946263914678,3.15308453417921e-10,7.07110978701671e-07
"ENSG00000018280.17",0.478433294625721,4.73871761904948e-11,1.33752937418571e-07
"ENSG00000018408.15",0.32944496775147,1.22143460282088e-05,0.000764238995454653
"ENSG00000019582.17",0.404175007856831,5.04836685322235e-08,2.33170296677104e-05
"ENSG00000021355.13",0.303142426999431,6.16807994887107e-05,0.00232474384185715
"ENSG00000025708.14",0.301972810245329,6.6055481800339e-05,0.00243542438922208
"ENSG00000026508.21",0.339539506883326,6.29729007986967e-06,0.000498804471646131
"ENSG00000027644.5",0.318215229022007,2.48430656870788e-05,0.0012183173699785
"ENSG00000027869.12",0.32118343021432,2.06486925390158e-05,0.00106830699912142
"ENSG00000028137.19",0.371367049897563,6.66523793790897e-07,0.000123799726334836
"ENSG00000038945.15",0.373017345158933,5.89276328495858e-07,0.000114799705979989
"ENSG00000047457.14",0.352342666898606,2.62713634535172e-06,0.000288905387796406
"ENSG00000052850.8",0.318335157221501,2.46590637346221e-05,0.00121521518703799
"ENSG00000059377.18",0.304688395295873,5.6314624373484e-05,0.00216096737607192
"ENSG00000060138.13",0.41900944449598,1.42975910578009e-08,9.8162623146302e-06
"ENSG00000061656.11",0.41233278899174,2.54183732992682e-08,1.46750667482116e-05
"ENSG00000064932.16",0.374335904415273,5.33780609294084e-07,0.000110240884698355
"ENSG00000067066.17",0.347332067794927,3.71588238298218e-06,0.000354866767574798
"ENSG00000067182.8",0.34592285947149,4.09211366589054e-06,0.00037312355520777
"ENSG00000068079.8",0.345497596292132,4.21257783268947e-06,0.000376673651768491
"ENSG00000069702.11",0.338700161304226,6.6598378120302e-06,0.000517369602259948
"ENSG00000070214.16",0.401055871994022,6.53133079924937e-08,2.86061028091951e-05
"ENSG00000073008.15",0.337360733950293,7.27966311288077e-06,0.000552015767332866
"ENSG00000074695.6",0.393235300237345,1.23153220601145e-07,4.34508508740401e-05
"ENSG00000076513.17",0.31210850693138,3.61239019501513e-05,0.00160429279937009
"ENSG00000076944.17",0.373916121287403,5.50882708734927e-07,0.000111492124124738
"ENSG00000078114.19",0.347089396755381,3.7782379015526e-06,0.000356797685550709
"ENSG00000078900.15",0.36014033604122,1.51343601751997e-06,0.00020341701139185
"ENSG00000079277.22",0.332626491030957,9.93755884133937e-06,0.000653999500638715
"ENSG00000079974.19",0.370643087660222,7.0338092042768e-07,0.000123799726334836
"ENSG00000080823.23",0.461520248275377,2.69499287455303e-10,6.84609039922706e-07
"ENSG00000081237.20",0.398405099818592,8.11258887455114e-08,3.27117611397179e-05
"ENSG00000085063.17",0.347195915316152,3.75074601687324e-06,0.000355523138308324
"ENSG00000085871.9",0.302092487179915,6.55948431237214e-05,0.00242195610446496
"ENSG00000086062.13",0.366056982756394,9.86165418761348e-07,0.000154639260078979
"ENSG00000087303.19",0.307162073972183,4.86306236889029e-05,0.00195778721643296
"ENSG00000088826.18",0.375301183304834,4.96358336544681e-07,0.000103352383797086
"ENSG00000088827.13",0.353115870159861,2.48894601633191e-06,0.000276099107654496
"ENSG00000090339.9",0.456057676438898,4.631194370423e-10,7.84308203945703e-07
"ENSG00000091262.17",0.300069507431397,7.38015159496935e-05,0.00261111408032042
"ENSG00000092850.12",0.361361528015528,1.3863571949748e-06,0.000191400172956222
"ENSG00000096093.16",0.302358826385788,6.45804892274977e-05,0.0023949462304323
"ENSG00000099937.11",0.309041057318574,4.34644008160337e-05,0.00180708048106335
"ENSG00000100055.21",0.313329631621799,3.3540198282837e-05,0.00151605277042511
"ENSG00000100234.12",0.366188447311333,9.7672942456048e-07,0.000154639260078979
"ENSG00000100292.18",0.376130361340645,4.66226775846707e-07,9.86963232236158e-05
"ENSG00000100307.13",0.305327551507432,5.42267817343371e-05,0.00211282308099933
"ENSG00000100365.16",0.314364045976529,3.14886510998912e-05,0.00144387401424285
"ENSG00000100599.16",0.33046089528049,1.14385333891567e-05,0.000726935226113972
"ENSG00000100906.11",0.366476456901239,9.56357378855176e-07,0.000153761686677582
"ENSG00000100979.15",0.408338699546718,3.564895767142e-08,1.84814381985119e-05
"ENSG00000101096.20",0.36412057276461,1.13563507679238e-06,0.000162986089580546
"ENSG00000101160.15",0.386552857175523,2.09041121046026e-07,5.96659730104741e-05
"ENSG00000101194.18",0.330643066442218,1.13044428294211e-05,0.000721524525617546
"ENSG00000101336.18",0.330778876937872,1.12054458961051e-05,0.000717007410828103
"ENSG00000103196.12",0.342133697176122,5.29139703929434e-06,0.000443621646829024
"ENSG00000103351.13",0.358147809664182,1.74491091232717e-06,0.000227704411822379
"ENSG00000103888.17",0.329941191975117,1.18293879866639e-05,0.000745662389640751
"ENSG00000104218.16",0.358501625131615,1.70148536908492e-06,0.000225118920994084
"ENSG00000104313.20",0.346833065337365,3.84518237842015e-06,0.000361774696144471
"ENSG00000104415.14",0.365229327079255,1.04759832502026e-06,0.000157468285505857
"ENSG00000105339.11",0.360287600583906,1.4975428010685e-06,0.000202351488167782
"ENSG00000105479.16",0.413107727900368,2.37915731441579e-08,1.40552868042103e-05
"ENSG00000105519.18",0.389047105649919,1.71813575416292e-07,5.1959288765477e-05
"ENSG00000105609.17",0.364845269355929,1.07732917970506e-06,0.000160759780151031
"ENSG00000105639.20",0.357380261359514,1.84277227332596e-06,0.000232895244076116
"ENSG00000105641.4",0.301749554403319,6.69229164815142e-05,0.00245250202012957
"ENSG00000105835.13",0.345903898609202,4.09741429361658e-06,0.00037312355520777
"ENSG00000105875.15",0.345364578207202,4.2509440432169e-06,0.000376673651768491
"ENSG00000105948.13",0.336470141217335,7.72163123347514e-06,0.000566651277813865
"ENSG00000106565.18",0.304943102188061,5.54737246945096e-05,0.0021416398608125
"ENSG00000106624.11",0.302233948348823,6.50542418553196e-05,0.00240899840503015
"ENSG00000106809.11",0.318427234445552,2.45186652828464e-05,0.00121176586416371
"ENSG00000106823.13",0.371005783044703,6.84679242933041e-07,0.000123799726334836
"ENSG00000107317.13",0.336177399975813,7.87237668200564e-06,0.000567552892199265
"ENSG00000107738.20",0.347781365534575,3.60300497827696e-06,0.000349280241973716
"ENSG00000108576.10",0.311781783466376,3.68463063970599e-05,0.00162219535772013
"ENSG00000108691.10",0.355618893455306,2.08747601986906e-06,0.000247109085899024
"ENSG00000108799.13",0.329887081664886,1.18708011279879e-05,0.000746420695678901
"ENSG00000109625.19",0.30256544272898,6.38037436840856e-05,0.00237654912141763
"ENSG00000109861.17",0.367743782627688,8.71432944381817e-07,0.000142819426362137
"ENSG00000110077.15",0.361588723378689,1.36386545110217e-06,0.00018932390193633
"ENSG00000110079.19",0.369870130216738,7.44877368543383e-07,0.000128721903354473
"ENSG00000110921.14",0.316690330204592,2.72984118872714e-05,0.00131089141242411
"ENSG00000111199.12",0.323751228688578,1.7568299546433e-05,0.000963627424013528
"ENSG00000111321.11",0.332124802263636,1.02677036258727e-05,0.000672243492804238
"ENSG00000111341.10",0.370622144556327,7.04475572380307e-07,0.000123799726334836
"ENSG00000112837.17",0.325015737574132,1.62159992388649e-05,0.00091338143828134
"ENSG00000112936.20",0.339525892443442,6.30301844615466e-06,0.000498804471646131
"ENSG00000113916.18",0.333301758315725,9.50902526576126e-06,0.000633528882833467
"ENSG00000114473.14",0.304136789891234,5.81769026871742e-05,0.00222080516173032
"ENSG00000114737.16",0.330958494595978,1.10757755863677e-05,0.000710499816213379
"ENSG00000114841.18",0.37086957651639,6.91646101467351e-07,0.000123799726334836
"ENSG00000115295.21",0.42543898303042,8.11763740317096e-09,6.22508164414174e-06
"ENSG00000115423.19",0.316080587721721,2.83427740539308e-05,0.00134577848465795
"ENSG00000115594.12",0.342406829998745,5.1948494225888e-06,0.000438421129176157
"ENSG00000115896.16",0.426067598364274,7.67568778743578e-09,6.09329677700722e-06
"ENSG00000115956.10",0.373890455922341,5.5194512933917e-07,0.000111492124124738
"ENSG00000116147.17",0.335174776440989,8.41007434535221e-06,0.000582128388542186
"ENSG00000116701.15",0.327106765898872,1.41931772525892e-05,0.000844377709010592
"ENSG00000116774.12",0.336097769133662,7.91386196254556e-06,0.000567552892199265
"ENSG00000117228.11",0.395924160617365,9.92071502079195e-08,3.81842308595724e-05
"ENSG00000117318.9",0.345678268956916,4.16099299982594e-06,0.000374041444602568
"ENSG00000118515.12",0.373571453247745,5.65314732480233e-07,0.000111492124124738
"ENSG00000118785.15",0.309431374127332,4.24580529686756e-05,0.00177687301410752
"ENSG00000118855.21",0.332808500393294,9.82028784864582e-06,0.000649647844320702
"ENSG00000118985.16",0.459365974725723,3.3402872670236e-10,7.07110978701671e-07
"ENSG00000119147.10",0.322092235918308,1.95044189614042e-05,0.00104106317243273
"ENSG00000119535.18",0.335894377810103,8.02076480335143e-06,0.000567552892199265
"ENSG00000119655.11",0.338258780603645,6.85834012103544e-06,0.000527838593126133
"ENSG00000119681.12",0.314751398821948,3.07512843009761e-05,0.00142178250497407
"ENSG00000120262.10",0.303399170673263,6.07576072017699e-05,0.00229335140526978
"ENSG00000121039.10",0.315357067422028,2.96308370034619e-05,0.00139133484731783
"ENSG00000122176.12",0.336875442210019,7.51743268147543e-06,0.000560958167181343
"ENSG00000122861.16",0.34952575936822,3.19488070943053e-06,0.000325175735115485
"ENSG00000122862.5",0.421056606131578,1.19549461877934e-08,8.43587494468102e-06
"ENSG00000123338.13",0.306961931507014,4.92136809611763e-05,0.00197188507485294
"ENSG00000124491.16",0.355259670992161,2.1410425510995e-06,0.000250640110256132
"ENSG00000125089.18",0.381646521278037,3.06006001441437e-07,7.69650540061073e-05
"ENSG00000126561.18",0.310375941410791,4.0112591656193e-05,0.00171647394731544
"ENSG00000126870.16",0.356484626238832,1.96357172651472e-06,0.000238663218031835
"ENSG00000127951.8",0.324035814998951,1.72549783475571e-05,0.000959168408650339
"ENSG00000128016.7",0.300743653856488,7.09653793440672e-05,0.0025426424985576
"ENSG00000128340.15",0.397306020170346,8.87073013060216e-08,3.5209868360576e-05
"ENSG00000128918.15",0.30798594534276,4.62981659031641e-05,0.00189085580134739
"ENSG00000129009.13",0.325889610248344,1.53395703319053e-05,0.000879618747497497
"ENSG00000129422.15",0.306448416750447,5.07398387459182e-05,0.00201083326624424
"ENSG00000129538.14",0.377751927738474,4.1227721626748e-07,9.18691063582702e-05
"ENSG00000129566.13",0.334924104581127,8.54984340384275e-06,0.000587004518885993
"ENSG00000129667.13",0.342193408384276,5.27014588474848e-06,0.000443303032815449
"ENSG00000130340.17",0.356638787033888,1.94225567907075e-06,0.000238663218031835
"ENSG00000130429.16",0.390988544078024,1.47323425432056e-07,4.68772852001765e-05
"ENSG00000130449.6",0.30243160694145,6.43058745248863e-05,0.00239174543273161
"ENSG00000130600.20",0.385680481161387,2.23797836612452e-07,6.17949613420231e-05
"ENSG00000130775.16",0.305074716688286,5.50438402925457e-05,0.00213477660297945
"ENSG00000131042.15",0.311424730459191,3.7651303883132e-05,0.00164859272794324
"ENSG00000131196.18",0.353954597453856,2.34687270636189e-06,0.000264294061411279
"ENSG00000131389.18",0.337371496789358,7.27447151129401e-06,0.000552015767332866
"ENSG00000131459.13",0.3647498370373,1.08484068860995e-06,0.000160759780151031
"ENSG00000131471.7",0.33433729802933,8.88568534587578e-06,0.000600327300109794
"ENSG00000131873.7",0.321320573876524,2.04720488350792e-05,0.00106561252521408
"ENSG00000132386.11",0.392332545171679,1.32368931234688e-07,4.54401075696591e-05
"ENSG00000133246.12",0.300440506138433,7.2227841144872e-05,0.00257697169747638
"ENSG00000133321.11",0.336680330868644,7.6150864303763e-06,0.000565097500487042
"ENSG00000133657.17",0.329192923901347,1.2414382862786e-05,0.000769176994788664
"ENSG00000133800.9",0.379649066375322,3.56727813048759e-07,8.46911835035292e-05
"ENSG00000134013.16",0.378627171278509,3.85693115830806e-07,8.90705656495451e-05
"ENSG00000134152.11",0.304080412872688,5.8370458727653e-05,0.00222306561178196
"ENSG00000134324.12",0.311537540523485,3.73951960975928e-05,0.00164067386263757
"ENSG00000134516.20",0.353403349266502,2.43935228213862e-06,0.000272981788648314
"ENSG00000134531.10",0.360919903381315,1.43109210892746e-06,0.000195451789478948
"ENSG00000134830.6",0.372955563873875,5.92007301632822e-07,0.000114799705979989
"ENSG00000135046.14",0.391882941309615,1.37201789929915e-07,4.58876353039091e-05
"ENSG00000135047.16",0.354776863149999,2.21510140614866e-06,0.000255773731910884
"ENSG00000135077.10",0.431716881471307,4.6172325156964e-09,4.34413176282355e-06
"ENSG00000135218.19",0.345027117070425,4.34977154894023e-06,0.000383670995339336
"ENSG00000135245.10",0.409479020940306,3.23819159063036e-08,1.71374543701631e-05
"ENSG00000135821.19",0.312582210107211,3.51001504416692e-05,0.00156704590803115
"ENSG00000135838.14",0.306453411498481,5.07247826782979e-05,0.00201083326624424
"ENSG00000136235.17",0.370478888130239,7.12007015548337e-07,0.00012388434394503
"ENSG00000136286.16",0.365314737450308,1.04109369297883e-06,0.000157468285505857
"ENSG00000137098.14",0.356596719338559,1.94805048597686e-06,0.000238663218031835
"ENSG00000137198.10",0.391866093417666,1.37386138535858e-07,4.58876353039091e-05
"ENSG00000137462.9",0.366945451862693,9.24048378713638e-07,0.000149513381939252
"ENSG00000138119.17",0.369544337002124,7.63058891681938e-07,0.000130972871793218
"ENSG00000138135.7",0.308007548908436,4.62384424911508e-05,0.00189085580134739
"ENSG00000138356.14",0.304123147876559,5.82236837268193e-05,0.00222080516173032
"ENSG00000138722.10",0.305725600166414,5.29634896885223e-05,0.00207949231616311
"ENSG00000138780.15",0.335444809353471,8.26193237484455e-06,0.000575007857858017
"ENSG00000139083.11",0.351061579629187,2.87228896503902e-06,0.000304873338462973
"ENSG00000139679.16",0.371803916646735,6.45182851872125e-07,0.000123229924707576
"ENSG00000140481.15",0.383918166852722,2.56707983942229e-07,6.86437149061522e-05
"ENSG00000140575.13",0.33859415611401,6.70700847178125e-06,0.000519445537221521
"ENSG00000141338.15",0.367961243943615,8.57603858871584e-07,0.000141465654720226
"ENSG00000141458.13",0.300372134520134,7.25154700552909e-05,0.00258360516944538
"ENSG00000141469.18",0.346482447082913,3.93857759091025e-06,0.000367837082874607
"ENSG00000141655.17",0.301198211499113,6.91110758918039e-05,0.00248919785254212
"ENSG00000142089.17",0.378368394788148,3.93377362942738e-07,9.00267130705798e-05
"ENSG00000142347.19",0.357164379244102,1.87122495057753e-06,0.000233677010198529
"ENSG00000142583.18",0.363999613941577,1.14565530131961e-06,0.000163500458536079
"ENSG00000142733.17",0.311018480694512,3.85873307143367e-05,0.00167561361048939
"ENSG00000142961.16",0.379403620497369,3.63488805740455e-07,8.54972790020812e-05
"ENSG00000143110.12",0.387122905816583,1.99906823636999e-07,5.90492214052405e-05
"ENSG00000143178.13",0.330450207474529,1.1446446893894e-05,0.000726935226113972
"ENSG00000143226.15",0.433206795208704,4.03169797918698e-09,4.09668895061147e-06
"ENSG00000143669.15",0.32042038520322,2.16580606321714e-05,0.0011070014371007
"ENSG00000144134.19",0.338795359789337,6.61774415552044e-06,0.00051720925480228
"ENSG00000144619.15",0.328453964174906,1.30188715376211e-05,0.000802714547743175
"ENSG00000144649.10",0.358123620672818,1.74791797446616e-06,0.000227704411822379
"ENSG00000145020.16",0.314618647982526,3.10021384802276e-05,0.00142768515731396
"ENSG00000145623.13",0.458050822753895,3.80521217201859e-10,7.43567729275295e-07
"ENSG00000147852.17",0.30118116933229,6.91797694719025e-05,0.00248919785254212
"ENSG00000148175.13",0.350133385884703,3.06333714815222e-06,0.000317624300304126
"ENSG00000148848.15",0.331576441403112,1.06404243806479e-05,0.000689537501381631
"ENSG00000149090.13",0.350285400237127,3.03124231111303e-06,0.000315584624709854
"ENSG00000149131.17",0.309657800149858,4.18843443849439e-05,0.00176449087961979
"ENSG00000149201.10",0.391549197740549,1.40898144065855e-07,4.58876353039091e-05
"ENSG00000149781.13",0.399283542041614,7.55174626093194e-08,3.09414532687829e-05
"ENSG00000150471.17",0.41479995107052,2.05799440948643e-08,1.27510321912644e-05
"ENSG00000150687.12",0.326216146522944,1.50237165815356e-05,0.000869356428976648
"ENSG00000150995.21",0.357816333750886,1.78655056838043e-06,0.000231549714737592
"ENSG00000151376.18",0.336431988108348,7.74112180948446e-06,0.000566651277813865
"ENSG00000151388.11",0.370887796043355,6.90710280691504e-07,0.000123799726334836
"ENSG00000151491.14",0.348742434047308,3.37239494396098e-06,0.000335956661809572
"ENSG00000151655.19",0.310870465677403,3.89337745342939e-05,0.00168704209949387
"ENSG00000152242.11",0.307565074824068,4.74762309433776e-05,0.00192350669003927
"ENSG00000152953.13",0.331996467382507,1.03538087922009e-05,0.000674404627559689
"ENSG00000153029.16",0.308914976524685,4.37942351132331e-05,0.00181781855323768
"ENSG00000153250.21",0.351021231312333,2.88035276270966e-06,0.000304873338462973
"ENSG00000155265.11",0.376359494177382,4.58213677022968e-07,9.84289547162016e-05
"ENSG00000156218.13",0.358423778891117,1.7109505892668e-06,0.000225198330669142
"ENSG00000156535.15",0.326396817705229,1.48516067903318e-05,0.000865310475446786
"ENSG00000157191.20",0.443804299184482,1.50756528099574e-09,1.91483404165674e-06
"ENSG00000157796.18",0.334749339654091,8.64858686133893e-06,0.000590591537738153
"ENSG00000158055.17",0.373551229777584,5.66172657248796e-07,0.000111492124124738
"ENSG00000158270.12",0.357407160229064,1.83925607305978e-06,0.000232895244076116
"ENSG00000158428.4",0.33712741700155,7.39307352941533e-06,0.000557288566373108
"ENSG00000158859.10",0.376276835506482,4.61089068662284e-07,9.84289547162016e-05
"ENSG00000159023.22",0.38146694514619,3.10267461388102e-07,7.69875499724694e-05
"ENSG00000159167.12",0.312534357853224,3.52023138328034e-05,0.00156884978648194
"ENSG00000159189.13",0.313980490547831,3.22351687731753e-05,0.0014701436128276
"ENSG00000159216.19",0.372798354016883,5.99011217739787e-07,0.000115277893668514
"ENSG00000159403.18",0.349827240706697,3.12895666134837e-06,0.000320982200572057
"ENSG00000160255.18",0.336881052406861,7.51464238984566e-06,0.000560958167181343
"ENSG00000160712.13",0.376902584748507,4.39743444342477e-07,9.59058229977907e-05
"ENSG00000160789.24",0.30867282319071,4.44343305911694e-05,0.00183539073171947
"ENSG00000162543.6",0.300440753722453,7.22268015427357e-05,0.00257697169747638
"ENSG00000162733.19",0.349217126479005,3.26373481721751e-06,0.000330313368772017
"ENSG00000162777.17",0.364624155458033,1.09480935189262e-06,0.000160759780151031
"ENSG00000162976.13",0.301113284479253,6.94540356584502e-05,0.00249553163766847
"ENSG00000163132.8",0.335462779104644,8.25216226845835e-06,0.000575007857858017
"ENSG00000163162.9",0.30387659880863,5.90752554690988e-05,0.0022431819352489
"ENSG00000163191.6",0.319521334557727,2.2907049676099e-05,0.00115229263944939
"ENSG00000163359.17",0.320757091661682,2.12070533516169e-05,0.00108832884099217
"ENSG00000163516.14",0.390498916665991,1.53163589797058e-07,4.68772852001765e-05
"ENSG00000163638.13",0.300768789788111,7.08616345541749e-05,0.00254251144432162
"ENSG00000163885.12",0.365474989018308,1.02899314537274e-06,0.000157468285505857
"ENSG00000164117.14",0.327112870817565,1.41876368672458e-05,0.000844377709010592
"ENSG00000164181.14",0.306651168155539,5.01320297444876e-05,0.00200236470377235
"ENSG00000164463.12",0.385106671447692,2.34042426178142e-07,6.35217415154579e-05
"ENSG00000164776.11",0.329683773345041,1.20276312165827e-05,0.000754414606900867
"ENSG00000164796.18",0.335911534715079,8.01169453994057e-06,0.000567552892199265
"ENSG00000165029.17",0.430077942448545,5.35596877550412e-09,4.38895725174617e-06
"ENSG00000165300.8",0.327132474359393,1.41698599178858e-05,0.000844377709010592
"ENSG00000165731.21",0.323034538153567,1.83813221430273e-05,0.000999873075801546
"ENSG00000165923.17",0.399841945787338,7.21478492317157e-08,3.07596515801676e-05
"ENSG00000166046.11",0.329383627382261,1.22627467851521e-05,0.000765382202907174
"ENSG00000166348.20",0.321709542611518,1.99787739482674e-05,0.00105294770665526
"ENSG00000166927.13",0.310304548662901,4.02855203314333e-05,0.00171706891439497
"ENSG00000167065.14",0.310804564408949,3.90889623500316e-05,0.00168873624247934
"ENSG00000167202.12",0.318629245971066,2.42132759516636e-05,0.00120982121394227
"ENSG00000167380.17",0.305315984026669,5.42639131751314e-05,0.00211282308099933
"ENSG00000167508.12",0.322399869234329,1.91308293486355e-05,0.0010283830659503
"ENSG00000167613.16",0.343445816804895,4.84264079995692e-06,0.000412810752487603
"ENSG00000167994.13",0.317682485148658,2.56761934646479e-05,0.00124952556050278
"ENSG00000168026.19",0.404450621716592,4.93414947829063e-08,2.32115183698179e-05
"ENSG00000168229.4",0.345901808018917,4.09799913014084e-06,0.00037312355520777
"ENSG00000168404.13",0.314532013214949,3.11668866350845e-05,0.00143170419745217
"ENSG00000168575.10",0.335117105872613,8.4420371890556e-06,0.00058275290954777
"ENSG00000168610.16",0.36464933632291,1.09280511440216e-06,0.000160759780151031
"ENSG00000168646.14",0.326744356077335,1.45257625381539e-05,0.000856072245195559
"ENSG00000168679.18",0.341674523114888,5.45755446302158e-06,0.000453066196157311
"ENSG00000168769.14",0.346058566476639,4.05436557455129e-06,0.00037312355520777
"ENSG00000168778.13",0.343449321971947,4.84149187132861e-06,0.000412810752487603
"ENSG00000168887.11",0.306668646652118,5.00799540778657e-05,0.00200236470377235
"ENSG00000169242.12",0.328232828648929,1.32051084961394e-05,0.000806319033684341
"ENSG00000169291.10",0.324237936111514,1.70356615228779e-05,0.00095111408717729
"ENSG00000169429.12",0.365930645051286,9.9531531739532e-07,0.000155116533790143
"ENSG00000169504.15",0.303561320380567,6.01812499497569e-05,0.00227836705286688
"ENSG00000169692.13",0.347686650893132,3.62652577752357e-06,0.000349280241973716
"ENSG00000169756.17",0.338284506046401,6.84661836095704e-06,0.000527838593126133
"ENSG00000170276.6",0.310365478829148,4.0137890563158e-05,0.00171647394731544
"ENSG00000170412.18",0.305422780988142,5.39220018143591e-05,0.00210877102137139
"ENSG00000170458.15",0.445082681602324,1.33580508042993e-09,1.78597139253482e-06
"ENSG00000170525.21",0.334219830375916,8.95439835883187e-06,0.000602361564077929
"ENSG00000170801.10",0.328296671047423,1.31510844036206e-05,0.000806319033684341
"ENSG00000171051.9",0.350005795024138,3.09052453608565e-06,0.000319140629228389
"ENSG00000171798.19",0.301580280728286,6.75877172244667e-05,0.00245410635118439
"ENSG00000171860.5",0.341967389447204,5.35101517881749e-06,0.000445678159303281
"ENSG00000171962.18",0.305301189402687,5.43114384872875e-05,0.00211282308099933
"ENSG00000172216.6",0.310144152804279,4.06765939639423e-05,0.00172505428458435
"ENSG00000172349.18",0.456765105125714,4.3199158984803e-10,7.83848739779251e-07
"ENSG00000172578.12",0.417315892560265,1.65639272262074e-08,1.07890626494191e-05
"ENSG00000172890.13",0.335542066739457,8.2091843077734e-06,0.000575007857858017
"ENSG00000172935.9",0.319820331319468,2.24843243008491e-05,0.00113778743070611
"ENSG00000173281.5",0.343748994465118,4.74421564959429e-06,0.00040992282362804
"ENSG00000173369.18",0.301215640852984,6.90408877888941e-05,0.00248919785254212
"ENSG00000173372.18",0.344120015374539,4.62634826290289e-06,0.000402476455214117
"ENSG00000173714.8",0.371640581352828,6.53084255422431e-07,0.000123799726334836
"ENSG00000174844.15",0.301368889798874,6.84266241931193e-05,0.00247612754184873
"ENSG00000176029.14",0.335276805459307,8.35380722376797e-06,0.00057981356531524
"ENSG00000176046.9",0.35105909120469,2.87278566647405e-06,0.000304873338462973
"ENSG00000176463.14",0.377822722777237,4.10063422584487e-07,9.18691063582702e-05
"ENSG00000176597.12",0.308369981518188,4.52472237192257e-05,0.00185689050749514
"ENSG00000177119.17",0.327359952173264,1.39651111949378e-05,0.00083668801812501
"ENSG00000177239.16",0.321559306435251,2.01679531241291e-05,0.00105634332621083
"ENSG00000177469.13",0.306554792530326,5.04200871885088e-05,0.00200621622697538
"ENSG00000177575.13",0.308843299597248,4.39827933665346e-05,0.001822667047129
"ENSG00000177675.9",0.327585073401255,1.37652388000502e-05,0.000827632002517144
"ENSG00000180353.11",0.381388085584891,3.12156739249866e-07,7.69875499724694e-05
"ENSG00000181031.16",0.339511425148682,6.30911107129112e-06,0.000498804471646131
"ENSG00000182326.16",0.481888721927189,3.28314725530219e-11,1.04252237158052e-07
"ENSG00000182541.18",0.310241207095533,4.04395339973031e-05,0.00172074620122863
"ENSG00000182871.16",0.322385326871368,1.91483364246149e-05,0.0010283830659503
"ENSG00000184005.11",0.314749015366557,3.07557713256577e-05,0.00142178250497407
"ENSG00000184254.17",0.302951065654165,6.23774340842295e-05,0.00234751697487656
"ENSG00000184371.14",0.325486585522773,1.57380625649192e-05,0.000892397328876436
"ENSG00000184500.16",0.31004857622392,4.09113211141611e-05,0.0017292350919518
"ENSG00000184557.4",0.54002802228672,3.53338043991242e-14,1.49597438858492e-10
"ENSG00000184916.9",0.3215943609831,2.01236614342976e-05,0.00105620118061046
"ENSG00000185149.6",0.313261732248877,3.36791706592375e-05,0.00151852128530066
"ENSG00000185201.18",0.379729318650512,3.54543416676024e-07,8.46911835035292e-05
"ENSG00000185339.9",0.330044856803061,1.17504298327793e-05,0.000742527783686798
"ENSG00000185344.15",0.328063886855651,1.33490827340732e-05,0.0008112601643389
"ENSG00000185404.17",0.38187710007112,3.0061628213752e-07,7.63655541513942e-05
"ENSG00000185722.18",0.314607551359296,3.10231943800853e-05,0.00142768515731396
"ENSG00000185811.20",0.321843980202372,1.98109093263181e-05,0.00105032923527362
"ENSG00000185885.17",0.418043933759026,1.555021498549e-08,1.03953187178001e-05
"ENSG00000186517.14",0.435776834349718,3.18586363708644e-09,3.64106634805628e-06
"ENSG00000186815.13",0.396894894881151,9.17142681638084e-08,3.58433469871573e-05
"ENSG00000187187.14",0.36749132905378,8.87754216254115e-07,0.000144561668945534
"ENSG00000187535.14",0.310849391878498,3.89833371020314e-05,0.00168704209949387
"ENSG00000187554.14",0.335470270493845,8.24809245276381e-06,0.000575007857858017
"ENSG00000187840.5",0.310581817419858,3.96178161971095e-05,0.00170354403904248
"ENSG00000187955.13",0.33965850540723,6.24743036099841e-06,0.000498804471646131
"ENSG00000188060.8",0.31345704388865,3.32808740350927e-05,0.00150970364841689
"ENSG00000188687.18",0.334566150156744,8.75324905313445e-06,0.000594542207745386
"ENSG00000196083.10",0.342577265375717,5.13545299906279e-06,0.000434853041783973
"ENSG00000196136.18",0.602531568478891,4.45322155000433e-18,2.828129675869e-14
"ENSG00000196295.13",0.309197647192765,4.30580038230626e-05,0.00179901722223233
"ENSG00000196569.14",0.315828336031746,2.87857402305365e-05,0.00136368804636612
"ENSG00000197249.14",0.370580687212706,7.06647258928129e-07,0.000123799726334836
"ENSG00000197405.8",0.366149503445825,9.79515642360286e-07,0.000154639260078979
"ENSG00000197653.16",0.302165869770091,6.53138839903261e-05,0.0024150925691503
"ENSG00000197943.11",0.336346508930491,7.78495831031922e-06,0.000566651277813865
"ENSG00000197989.15",0.30791325303908,4.64996577121199e-05,0.00189171616143043
"ENSG00000198087.7",0.351829466553395,2.72285390073614e-06,0.000297335018308125
"ENSG00000198520.12",0.425146133060192,8.33180238164072e-09,6.22508164414174e-06
"ENSG00000198909.8",0.371370375878454,6.66358802197464e-07,0.000123799726334836
"ENSG00000203710.12",0.345348468370377,4.25561304009593e-06,0.000376673651768491
"ENSG00000204287.14",0.334855506822182,8.58847366273772e-06,0.000588067375888211
"ENSG00000204338.8",0.365706127134846,1.01177600589303e-06,0.000156720401693296
"ENSG00000204524.7",0.326238235439363,1.50025737191168e-05,0.000869356428976648
"ENSG00000204592.9",0.345448871913394,4.22659301401439e-06,0.000376673651768491
"ENSG00000205403.15",0.355592117571549,2.09142437776208e-06,0.000247109085899024
"ENSG00000205562.4",0.347245928620146,3.73790350075081e-06,0.000355523138308324
"ENSG00000216490.4",0.348439759301191,3.4434646081599e-06,0.000340367048408894
"ENSG00000219642.2",0.317568412584692,2.58579754211592e-05,0.00125596586926139
"ENSG00000221869.5",0.442993514814857,1.62735202231292e-09,1.96855349632453e-06
"ENSG00000223561.7",0.316519540933433,2.75872230912974e-05,0.00131658969228471
"ENSG00000224389.9",0.598818037188254,8.02381481681681e-18,4.07657935583195e-14
"ENSG00000225217.1",0.328414079069543,1.30522775610021e-05,0.000802825682523335
"ENSG00000229154.2",0.350564346754309,2.97317795218068e-06,0.000310813331354921
"ENSG00000229776.1",0.619441423240866,2.76115512922221e-19,2.33805412492106e-15
"ENSG00000229859.10",0.446064457580599,1.21688854682332e-09,1.71736776416404e-06
"ENSG00000229975.1",0.329207628894414,1.24026275260521e-05,0.000769176994788664
"ENSG00000233627.2",0.619441423240866,2.76115512922221e-19,2.33805412492106e-15
"ENSG00000237172.4",0.323839601485692,1.74704331972158e-05,0.000963627424013528
"ENSG00000237990.3",0.323239913531885,1.81447823066031e-05,0.000989124259516394
"ENSG00000241956.11",0.340684838092584,5.8326689341049e-06,0.000476422150910182
"ENSG00000242574.9",0.357494834110423,1.82783969826674e-06,0.000232895244076116
"ENSG00000243509.6",0.339325464961347,6.38792350701145e-06,0.000500840805088308
"ENSG00000243620.2",0.399554679436119,7.386288022636e-08,3.07596515801676e-05
"ENSG00000243649.9",0.43070361396991,5.06141633744051e-09,4.38895725174617e-06
"ENSG00000244509.4",0.312804855818512,3.46284657879547e-05,0.00155501365684449
"ENSG00000249307.8",0.413366316879412,2.32713650852736e-08,1.40552868042103e-05
"ENSG00000249853.9",0.342079670010914,5.31069528840183e-06,0.000443774975037078
"ENSG00000251441.3",0.317277293230535,2.6327405989016e-05,0.00127208821984729
"ENSG00000251442.7",0.368597906815814,8.18310194960143e-07,0.000137665787301805
"ENSG00000253208.1",0.319014405525803,2.36409247932338e-05,0.00118685852277177
"ENSG00000253678.3",0.30653968435985,5.04653847591728e-05,0.00200621622697538
"ENSG00000254453.2",0.329303233928692,1.23264560852411e-05,0.000767472950817108
"ENSG00000255920.4",0.307578052733661,4.74394872514502e-05,0.00192350669003927
"ENSG00000256029.6",0.308175664274844,4.57761523780287e-05,0.00187556709493397
"ENSG00000258033.1",0.32121143506835,2.06125053125107e-05,0.00106830699912142
"ENSG00000259924.1",0.352546966593653,2.58993001042644e-06,0.000286052139368969
"ENSG00000260314.3",0.322445424517501,1.90760845656579e-05,0.0010283830659503
"ENSG00000260661.1",0.341007000175684,5.70795646618409e-06,0.000467739413259595
"ENSG00000262801.6",0.371208410471017,6.7443886600804e-07,0.000123799726334836
"ENSG00000267078.1",0.326709377425939,1.45582494163871e-05,0.000856072245195559
"ENSG00000267750.6",0.314264001987323,3.16817827579037e-05,0.00145011230161987
"ENSG00000269821.1",0.348044454942589,3.53842915514229e-06,0.000345718137800306
"ENSG00000272750.1",0.347529180086943,3.66595420994346e-06,0.000351419753944127
"ENSG00000279905.1",0.304952071822404,5.54443279398368e-05,0.0021416398608125
"ENSG00000283128.3",0.316496410810438,2.76265576373594e-05,0.00131658969228471
"ENSG00000285413.1",0.304768762901084,5.6048012072748e-05,0.00215725401618791
"ENSG00000286488.1",0.33175297676765,1.05190581463787e-05,0.000683415943970481
"ENSG00000287705.1",0.357124290736994,1.87655434714403e-06,0.000233677010198529
"ENSG00000288656.1",0.332061807793857,1.03098841852299e-05,0.000673269891921323
"ENSG00000289273.1",0.335945265555315,7.99389053101897e-06,0.000567552892199265
